document_id,document_page,feature_name
document_52,1,Parties to Agreement and Preamble
document_52,1,Bargaining Unit Clause
document_52,1,Recognition Clause
document_52,2,Parties to Agreement and Preamble
document_52,2,Dues Checkoff Clause
document_52,3,Bargaining Unit Clause
document_52,3,Recognition Clause
document_52,3,Grievance Procedure Clause
document_52,3,Discipline and Discharge Clause
document_52,4,Duration Clause
document_52,4,Management Rights Clause
document_52,4,Zipper Clause (Complete Agreement Clause)
document_52,4,State or Local Law Waiver Clause
document_52,4,Reopener Clause
document_52,4,Savings Clause
document_52,4,Force Majeure Clause
document_52,4,Notices Clause
document_52,4,Discipline and Discharge Clause
document_52,4,Grievance Procedure Clause
document_52,4,Arbitration Clause
document_52,4,Probationary Period Clause
document_52,4,Drug Testing Clause
document_52,4,No-Strike Clause
document_52,4,No-Lockout Clause
document_52,4,Non-Discrimination Clause
document_52,4,Bargaining Unit Clause
document_52,4,Recognition Clause
document_52,4,Successors and Assigns Clause
document_52,4,Subcontracting Clause
document_52,4,New Technology or Automation Clause
document_52,4,E-Verify Clause
document_52,4,Dues Checkoff Clause
document_52,4,Holidays Clause
document_52,4,Bereavement Leave Clause
document_52,4,Jury Duty Clause
document_52,4,Vacation Clause
document_52,4,Sick Leave Clause
document_52,4,Union Business Leave Clause
document_52,4,Bulletin Board Clause
document_52,4,Most Favored Nation Clause
document_52,4,Company Benefits and Policies Clause
document_52,4,Wages Clause
document_52,4,Overtime Clause
document_52,4,"Donning, Doffing, and Washing Time Clause"
document_52,4,Wage Differentials Clause
document_52,4,Reporting-Pay Clause
document_52,4,Call-Back Pay Clause
document_52,4,Work Hours Clause
document_52,4,Ratification Bonus Clause
document_52,4,Individual Agreements Clause
document_52,4,Discretionary Bonus Clause
document_52,4,OTHER
document_52,5,Grievance Procedure Clause
document_52,6,Discipline and Discharge Clause
document_52,6,Grievance Procedure Clause
document_52,6,Arbitration Clause
document_52,6,Notices Clause
document_52,7,Discipline and Discharge Clause
document_52,7,Duration Clause
document_52,7,Notices Clause
document_52,8,No-Strike Clause
document_52,8,No-Lockout Clause
document_52,8,Grievance Procedure Clause
document_52,8,Discipline and Discharge Clause
document_52,9,Savings Clause
document_52,10,Non-Discrimination Clause
document_52,11,Discipline and Discharge Clause
document_52,11,Grievance Procedure Clause
document_52,11,Arbitration Clause
document_52,11,Probationary Period Clause
document_52,11,Drug Testing Clause
document_52,11,No-Strike Clause
document_52,11,No-Lockout Clause
document_52,11,Non-Discrimination Clause
document_52,11,Bargaining Unit Clause
document_52,11,Recognition Clause
document_52,11,Successors and Assigns Clause
document_52,11,Subcontracting Clause
document_52,11,New Technology or Automation Clause
document_52,11,E-Verify Clause
document_52,11,Dues Checkoff Clause
document_52,11,Holidays Clause
document_52,11,Bereavement Leave Clause
document_52,11,Jury Duty Clause
document_52,11,Vacation Clause
document_52,11,Sick Leave Clause
document_52,11,Union Business Leave Clause
document_52,11,Bulletin Board Clause
document_52,11,Most Favored Nation Clause
document_52,11,Company Benefits and Policies Clause
document_52,11,Wages Clause
document_52,11,Overtime Clause
document_52,11,"Donning, Doffing, and Washing Time Clause"
document_52,11,Wage Differentials Clause
document_52,11,Reporting-Pay Clause
document_52,11,Call-Back Pay Clause
document_52,11,Work Hours Clause
document_52,11,Ratification Bonus Clause
document_52,11,Individual Agreements Clause
document_52,11,Discretionary Bonus Clause
document_52,11,OTHER
document_52,11,State or Local Law Waiver Clause
document_52,11,Savings Clause
document_52,11,Force Majeure Clause
document_52,11,Notices Clause
document_52,11,Reopener Clause
document_52,11,Parties to Agreement and Preamble
document_52,11,Duration Clause
document_52,11,Management Rights Clause
document_52,11,Zipper Clause (Complete Agreement Clause)
document_52,12,Probationary Period Clause
document_52,12,Drug Testing Clause
document_52,13,Notices Clause
document_52,14,Discipline and Discharge Clause
document_52,14,Grievance Procedure Clause
document_52,15,Probationary Period Clause
document_52,15,Call-Back Pay Clause
document_52,15,Work Hours Clause
document_52,16,Notices Clause
document_52,17,Work Hours Clause
document_52,18,Work Hours Clause
document_52,19,Work Hours Clause
document_52,19,Discretionary Bonus Clause
document_52,19,Wages Clause
document_52,19,Overtime Clause
document_52,19,Reporting-Pay Clause
document_52,19,Call-Back Pay Clause
document_52,19,"Donning, Doffing, and Washing Time Clause"
document_52,19,Subcontracting Clause
document_52,19,OTHER
document_52,20,Wages Clause
document_52,21,Overtime Clause
document_52,21,Wages Clause
document_52,22,Wages Clause
document_52,22,Wage Differentials Clause
document_52,23,Wages Clause
document_52,24,Wages Clause
document_52,24,Holidays Clause
document_52,24,Sick Leave Clause
document_52,24,Work Hours Clause
document_52,24,Grievance Procedure Clause
document_52,25,Force Majeure Clause
document_52,26,Wages Clause
document_52,27,Wages Clause
document_52,28,Wages Clause
document_52,29,Wages Clause
document_52,30,Wages Clause
document_52,31,Discretionary Bonus Clause
document_52,32,Parties to Agreement and Preamble
document_52,32,Notices Clause
document_52,34,Force Majeure Clause
document_52,34,Company Benefits and Policies Clause
document_52,35,Holidays Clause
document_52,35,Overtime Clause
document_52,36,Holidays Clause
document_52,36,Vacation Clause
document_52,37,Vacation Clause
document_52,37,Holidays Clause
document_52,37,Bulletin Board Clause
document_52,37,Notices Clause
document_52,38,Vacation Clause
document_52,38,Sick Leave Clause
document_52,38,Wages Clause
document_52,39,Bereavement Leave Clause
document_52,39,Jury Duty Clause
document_52,39,Vacation Clause
document_52,39,Sick Leave Clause
document_52,39,Union Business Leave Clause
document_52,39,Bulletin Board Clause
document_52,39,Most Favored Nation Clause
document_52,39,Company Benefits and Policies Clause
document_52,39,Wages Clause
document_52,39,Overtime Clause
document_52,39,"Donning, Doffing, and Washing Time Clause"
document_52,39,Wage Differentials Clause
document_52,39,Reporting-Pay Clause
document_52,39,Call-Back Pay Clause
document_52,39,Work Hours Clause
document_52,39,Ratification Bonus Clause
document_52,39,Individual Agreements Clause
document_52,39,Discretionary Bonus Clause
document_52,39,OTHER
document_52,40,Duration Clause
document_52,41,Parties to Agreement and Preamble
document_52,42,Parties to Agreement and Preamble
document_52,42,OTHER
document_3781,1,Parties to Agreement and Preamble
document_3781,2,Grievance Procedure Clause
document_3781,2,Arbitration Clause
document_3781,2,Savings Clause
document_3781,3,Parties to Agreement and Preamble
document_3781,4,Parties to Agreement and Preamble
document_3781,4,Bargaining Unit Clause
document_3781,4,Recognition Clause
document_3781,5,Parties to Agreement and Preamble
document_3781,5,Dues Checkoff Clause
document_3781,5,Discipline and Discharge Clause
document_3781,7,Management Rights Clause
document_3781,7,Vacation Clause
document_3781,8,Discipline and Discharge Clause
document_3781,10,Wages Clause
document_3781,10,Work Hours Clause
document_3781,11,Zipper Clause (Complete Agreement Clause)
document_3781,12,No-Strike Clause
document_3781,12,No-Lockout Clause
document_3781,13,Grievance Procedure Clause
document_3781,13,Arbitration Clause
document_3781,14,Probationary Period Clause
document_3781,14,Discipline and Discharge Clause
document_3781,16,Discipline and Discharge Clause
document_3781,16,Union Business Leave Clause
document_3781,16,Notices Clause
document_3781,16,No-Strike Clause
document_3781,18,Discipline and Discharge Clause
document_3781,19,Discipline and Discharge Clause
document_3781,20,Discipline and Discharge Clause
document_3781,20,Work Hours Clause
document_3781,21,Discipline and Discharge Clause
document_3781,22,Discipline and Discharge Clause
document_3781,23,Discipline and Discharge Clause
document_3781,24,Discipline and Discharge Clause
document_3781,24,Grievance Procedure Clause
document_3781,24,Arbitration Clause
document_3781,25,Notices Clause
document_3781,25,Discipline and Discharge Clause
document_3781,26,Grievance Procedure Clause
document_3781,26,Arbitration Clause
document_3781,27,Grievance Procedure Clause
document_3781,27,Arbitration Clause
document_3781,28,Grievance Procedure Clause
document_3781,28,Arbitration Clause
document_3781,28,Discipline and Discharge Clause
document_3781,29,Arbitration Clause
document_3781,30,Discipline and Discharge Clause
document_3781,31,Discipline and Discharge Clause
document_3781,32,OTHER
document_3781,33,Work Hours Clause
document_3781,33,Overtime Clause
document_3781,33,Wages Clause
document_3781,34,Work Hours Clause
document_3781,35,Holidays Clause
document_3781,35,Wages Clause
document_3781,36,Holidays Clause
document_3781,36,Overtime Clause
document_3781,37,Vacation Clause
document_3781,38,Vacation Clause
document_3781,39,Sick Leave Clause
document_3781,40,Notices Clause
document_3781,40,Sick Leave Clause
document_3781,40,Wages Clause
document_3781,41,Bereavement Leave Clause
document_3781,42,Jury Duty Clause
document_3781,43,Jury Duty Clause
document_3781,44,OTHER
document_3781,45,Parties to Agreement and Preamble
document_3781,46,Wages Clause
document_3781,47,Wages Clause
document_3781,49,Non-Discrimination Clause
document_3781,49,Drug Testing Clause
document_3781,50,Subcontracting Clause
document_3781,51,Savings Clause
document_3781,52,Successors and Assigns Clause
document_3781,52,Notices Clause
document_3781,53,Work Hours Clause
document_3781,54,Parties to Agreement and Preamble
document_3781,54,Duration Clause
document_3781,54,Notices Clause
document_138,1,Parties to Agreement and Preamble
document_138,2,Probationary Period Clause
document_138,2,Discipline and Discharge Clause
document_138,2,Parties to Agreement and Preamble
document_138,2,Duration Clause
document_138,2,Management Rights Clause
document_138,2,Grievance Procedure Clause
document_138,2,Arbitration Clause
document_138,2,No-Strike Clause
document_138,2,Holidays Clause
document_138,2,Vacation Clause
document_138,2,Wages Clause
document_138,2,Overtime Clause
document_138,2,Work Hours Clause
document_138,2,Recognition Clause
document_138,2,Non-Discrimination Clause
document_138,2,Bulletin Board Clause
document_138,2,Dues Checkoff Clause
document_138,2,Successors and Assigns Clause
document_138,2,Sick Leave Clause
document_138,2,Jury Duty Clause
document_138,2,Union Business Leave Clause
document_138,3,Parties to Agreement and Preamble
document_138,3,Probationary Period Clause
document_138,3,Discipline and Discharge Clause
document_138,3,Grievance Procedure Clause
document_138,3,Arbitration Clause
document_138,3,Duration Clause
document_138,3,Management Rights Clause
document_138,3,Holidays Clause
document_138,3,Wages Clause
document_138,3,Overtime Clause
document_138,3,Non-Discrimination Clause
document_138,3,Jury Duty Clause
document_138,3,Recognition Clause
document_138,3,Reporting-Pay Clause
document_138,3,New Technology or Automation Clause
document_138,3,E-Verify Clause
document_138,3,Dues Checkoff Clause
document_138,3,Bereavement Leave Clause
document_138,3,Vacation Clause
document_138,3,Sick Leave Clause
document_138,3,Union Business Leave Clause
document_138,3,Bulletin Board Clause
document_138,3,Most Favored Nation Clause
document_138,3,Company Benefits and Policies Clause
document_138,3,"Donning, Doffing, and Washing Time Clause"
document_138,3,Wage Differentials Clause
document_138,3,Call-Back Pay Clause
document_138,3,Work Hours Clause
document_138,3,Ratification Bonus Clause
document_138,3,Individual Agreements Clause
document_138,3,Discretionary Bonus Clause
document_138,4,Dues Checkoff Clause
document_138,4,Vacation Clause
document_138,4,Wages Clause
document_138,4,Work Hours Clause
document_138,4,Subcontracting Clause
document_138,5,Parties to Agreement and Preamble
document_138,5,Duration Clause
document_138,5,Notices Clause
document_138,6,Recognition Clause
document_138,6,Non-Discrimination Clause
document_138,6,Management Rights Clause
document_138,7,Grievance Procedure Clause
document_138,8,Arbitration Clause
document_138,8,Grievance Procedure Clause
document_138,9,No-Strike Clause
document_138,9,Discipline and Discharge Clause
document_138,9,Wages Clause
document_138,9,Ratification Bonus Clause
document_138,9,Work Hours Clause
document_138,10,Wages Clause
document_138,10,Work Hours Clause
document_138,10,Overtime Clause
document_138,11,Overtime Clause
document_138,11,Holidays Clause
document_138,11,Wages Clause
document_138,11,Call-Back Pay Clause
document_138,12,Reporting-Pay Clause
document_138,12,State or Local Law Waiver Clause
document_138,12,Jury Duty Clause
document_138,13,Jury Duty Clause
document_138,13,Overtime Clause
document_138,13,Work Hours Clause
document_138,13,Holidays Clause
document_138,14,Holidays Clause
document_138,15,Vacation Clause
document_138,16,Vacation Clause
document_138,17,Vacation Clause
document_138,18,Probationary Period Clause
document_138,19,Parties to Agreement and Preamble
document_138,19,Probationary Period Clause
document_138,20,OTHER
document_138,21,OTHER
document_138,25,Parties to Agreement and Preamble
document_138,25,Duration Clause
document_138,25,Company Benefits and Policies Clause
document_138,26,Discipline and Discharge Clause
document_138,26,Grievance Procedure Clause
document_138,26,Arbitration Clause
document_138,26,Probationary Period Clause
document_138,26,Drug Testing Clause
document_138,26,No-Strike Clause
document_138,26,No-Lockout Clause
document_138,26,Non-Discrimination Clause
document_138,26,Bargaining Unit Clause
document_138,26,Recognition Clause
document_138,26,Successors and Assigns Clause
document_138,26,Subcontracting Clause
document_138,26,New Technology or Automation Clause
document_138,26,E-Verify Clause
document_138,26,Dues Checkoff Clause
document_138,26,Holidays Clause
document_138,26,Bereavement Leave Clause
document_138,26,Jury Duty Clause
document_138,26,Vacation Clause
document_138,26,Sick Leave Clause
document_138,26,Union Business Leave Clause
document_138,26,Bulletin Board Clause
document_138,26,Most Favored Nation Clause
document_138,26,Company Benefits and Policies Clause
document_138,26,Wages Clause
document_138,26,Overtime Clause
document_138,26,"Donning, Doffing, and Washing Time Clause"
document_138,26,Wage Differentials Clause
document_138,26,Reporting-Pay Clause
document_138,26,Call-Back Pay Clause
document_138,26,Work Hours Clause
document_138,26,Ratification Bonus Clause
document_138,26,Individual Agreements Clause
document_138,26,Discretionary Bonus Clause
document_138,26,OTHER
document_138,26,Notices Clause
document_138,28,Notices Clause
document_138,29,Dues Checkoff Clause
document_138,30,Dues Checkoff Clause
document_138,32,Overtime Clause
document_138,32,Force Majeure Clause
document_138,33,Parties to Agreement and Preamble
document_138,33,Company Benefits and Policies Clause
document_138,34,Discipline and Discharge Clause
document_138,35,Discipline and Discharge Clause
document_138,37,Company Benefits and Policies Clause
document_138,38,Drug Testing Clause
document_138,39,Company Benefits and Policies Clause
document_138,40,Company Benefits and Policies Clause
document_138,42,Parties to Agreement and Preamble
document_138,43,Parties to Agreement and Preamble
document_138,44,Grievance Procedure Clause
document_138,46,Overtime Clause
document_138,46,Work Hours Clause
document_138,47,Notices Clause
document_138,48,Duration Clause
document_138,48,Vacation Clause
document_138,48,Jury Duty Clause
document_138,49,Vacation Clause
document_138,50,OTHER
document_138,51,OTHER
document_138,53,Parties to Agreement and Preamble
document_138,54,Notices Clause
document_138,55,Duration Clause
document_138,56,Parties to Agreement and Preamble
document_138,56,Holidays Clause
document_138,57,Wages Clause
document_138,57,Holidays Clause
document_138,57,Overtime Clause
document_138,57,Work Hours Clause
document_138,58,Parties to Agreement and Preamble
document_138,59,Parties to Agreement and Preamble
document_138,59,Notices Clause
document_138,60,Wages Clause
document_138,62,Notices Clause
document_138,62,OTHER
document_138,63,Parties to Agreement and Preamble
document_138,65,Wages Clause
document_138,66,Wages Clause
document_138,67,Wages Clause
document_138,68,Wages Clause
document_138,69,Wages Clause
document_138,70,Wages Clause
document_138,71,Overtime Clause
document_138,71,OTHER
document_138,73,Work Hours Clause
document_138,73,Overtime Clause
document_138,74,OTHER
document_138,75,Bargaining Unit Clause
document_138,75,Duration Clause
document_138,75,OTHER
document_138,77,OTHER
document_138,79,Wages Clause
document_138,80,OTHER
document_138,81,OTHER
document_138,82,OTHER
document_138,83,OTHER
document_138,84,OTHER
document_138,86,OTHER
document_138,90,OTHER
document_138,92,Parties to Agreement and Preamble
document_138,93,Parties to Agreement and Preamble
document_138,94,Overtime Clause
document_138,95,Overtime Clause
document_314,1,Parties to Agreement and Preamble
document_314,2,Parties to Agreement and Preamble
document_314,2,Bargaining Unit Clause
document_314,2,Recognition Clause
document_314,3,Management Rights Clause
document_314,5,Dues Checkoff Clause
document_314,6,Bulletin Board Clause
document_314,7,Parties to Agreement and Preamble
document_314,9,Grievance Procedure Clause
document_314,9,Union Business Leave Clause
document_314,10,Work Hours Clause
document_314,11,Management Rights Clause
document_314,11,Work Hours Clause
document_314,12,Wages Clause
document_314,13,Wages Clause
document_314,14,Wages Clause
document_314,15,Bargaining Unit Clause
document_314,15,Union Business Leave Clause
document_314,16,Bargaining Unit Clause
document_314,16,Recognition Clause
document_314,17,Wages Clause
document_314,18,OTHER
document_314,19,Wages Clause
document_314,19,Overtime Clause
document_314,19,Jury Duty Clause
document_314,19,Bereavement Leave Clause
document_314,20,Jury Duty Clause
document_314,20,Reporting-Pay Clause
document_314,21,Bereavement Leave Clause
document_314,21,Wages Clause
document_314,22,Overtime Clause
document_314,22,Reporting-Pay Clause
document_314,23,Overtime Clause
document_314,24,Wages Clause
document_314,24,Overtime Clause
document_314,24,Work Hours Clause
document_314,25,Wages Clause
document_314,25,Overtime Clause
document_314,25,Holidays Clause
document_314,26,Holidays Clause
document_314,27,Holidays Clause
document_314,28,Holidays Clause
document_314,28,Jury Duty Clause
document_314,28,Vacation Clause
document_314,28,Sick Leave Clause
document_314,28,Bereavement Leave Clause
document_314,28,Union Business Leave Clause
document_314,28,Bulletin Board Clause
document_314,28,Most Favored Nation Clause
document_314,28,Company Benefits and Policies Clause
document_314,28,Wages Clause
document_314,28,Overtime Clause
document_314,28,"Donning, Doffing, and Washing Time Clause"
document_314,28,Wage Differentials Clause
document_314,28,Reporting-Pay Clause
document_314,28,Call-Back Pay Clause
document_314,28,Work Hours Clause
document_314,28,Ratification Bonus Clause
document_314,28,Individual Agreements Clause
document_314,28,Discretionary Bonus Clause
document_314,28,OTHER
document_314,28,Dues Checkoff Clause
document_314,28,E-Verify Clause
document_314,28,New Technology or Automation Clause
document_314,28,Subcontracting Clause
document_314,28,Recognition Clause
document_314,28,Successors and Assigns Clause
document_314,28,Bargaining Unit Clause
document_314,28,Non-Discrimination Clause
document_314,28,Discipline and Discharge Clause
document_314,28,Grievance Procedure Clause
document_314,28,Arbitration Clause
document_314,28,Probationary Period Clause
document_314,28,Drug Testing Clause
document_314,28,No-Strike Clause
document_314,28,No-Lockout Clause
document_314,28,State or Local Law Waiver Clause
document_314,28,Reopener Clause
document_314,28,Savings Clause
document_314,28,Force Majeure Clause
document_314,28,Notices Clause
document_314,28,Parties to Agreement and Preamble
document_314,28,Duration Clause
document_314,29,Holidays Clause
document_314,29,Vacation Clause
document_314,30,Holidays Clause
document_314,30,Vacation Clause
document_314,30,Sick Leave Clause
document_314,31,Sick Leave Clause
document_314,31,Vacation Clause
document_314,32,Vacation Clause
document_314,32,Sick Leave Clause
document_314,33,Vacation Clause
document_314,33,Sick Leave Clause
document_314,34,Vacation Clause
document_314,34,Sick Leave Clause
document_314,36,OTHER
document_314,37,Company Benefits and Policies Clause
document_314,37,OTHER
document_314,38,Grievance Procedure Clause
document_314,39,Company Benefits and Policies Clause
document_314,40,Company Benefits and Policies Clause
document_314,41,Company Benefits and Policies Clause
document_314,42,Company Benefits and Policies Clause
document_314,43,Company Benefits and Policies Clause
document_314,44,Company Benefits and Policies Clause
document_314,45,Grievance Procedure Clause
document_314,45,Arbitration Clause
document_314,45,Company Benefits and Policies Clause
document_314,46,Grievance Procedure Clause
document_314,46,Arbitration Clause
document_314,47,OTHER
document_314,48,Arbitration Clause
document_314,49,Wages Clause
document_314,49,Reporting-Pay Clause
document_314,50,Grievance Procedure Clause
document_314,51,Jury Duty Clause
document_314,52,Discipline and Discharge Clause
document_314,53,OTHER
document_314,54,Sick Leave Clause
document_314,56,Parties to Agreement and Preamble
document_314,57,OTHER
document_314,58,Parties to Agreement and Preamble
document_314,61,Parties to Agreement and Preamble
document_314,62,Company Benefits and Policies Clause
document_314,63,Grievance Procedure Clause
document_314,64,Wages Clause
document_314,65,Grievance Procedure Clause
document_314,65,Arbitration Clause
document_314,66,Grievance Procedure Clause
document_314,67,Arbitration Clause
document_314,67,Grievance Procedure Clause
document_314,67,Discipline and Discharge Clause
document_314,68,Grievance Procedure Clause
document_314,68,Arbitration Clause
document_314,69,Arbitration Clause
document_314,69,Grievance Procedure Clause
document_314,70,Grievance Procedure Clause
document_314,70,Arbitration Clause
document_314,71,Parties to Agreement and Preamble
document_314,72,OTHER
document_314,75,Company Benefits and Policies Clause
document_314,76,Grievance Procedure Clause
document_314,76,Arbitration Clause
document_314,76,Non-Discrimination Clause
document_314,77,Company Benefits and Policies Clause
document_314,78,Subcontracting Clause
document_314,78,Bargaining Unit Clause
document_314,79,Management Rights Clause
document_314,79,Subcontracting Clause
document_314,79,Notices Clause
document_314,80,Parties to Agreement and Preamble
document_314,80,Grievance Procedure Clause
document_314,80,Arbitration Clause
document_314,81,OTHER
document_314,84,OTHER
document_314,85,Management Rights Clause
document_314,86,OTHER
document_314,87,Grievance Procedure Clause
document_314,88,OTHER
document_314,90,OTHER
document_314,94,Grievance Procedure Clause
document_314,95,Grievance Procedure Clause
document_314,95,Arbitration Clause
document_314,97,Bargaining Unit Clause
document_314,99,Company Benefits and Policies Clause
document_314,99,Bargaining Unit Clause
document_314,100,Company Benefits and Policies Clause
document_314,101,Company Benefits and Policies Clause
document_314,102,Parties to Agreement and Preamble
document_314,102,Duration Clause
document_314,102,Bargaining Unit Clause
document_314,102,Recognition Clause
document_314,103,Parties to Agreement and Preamble
document_314,113,Parties to Agreement and Preamble
document_314,114,Parties to Agreement and Preamble
document_314,114,Bargaining Unit Clause
document_314,114,Grievance Procedure Clause
document_314,114,Arbitration Clause
document_314,115,Dues Checkoff Clause
document_314,116,Parties to Agreement and Preamble
document_314,117,Parties to Agreement and Preamble
document_314,117,Discipline and Discharge Clause
document_314,119,Drug Testing Clause
document_314,121,Wages Clause
document_314,121,Work Hours Clause
document_314,121,Overtime Clause
document_314,122,Holidays Clause
document_314,122,Wages Clause
document_314,122,Work Hours Clause
document_314,123,Parties to Agreement and Preamble
document_314,124,Parties to Agreement and Preamble
document_314,125,Overtime Clause
document_314,125,Holidays Clause
document_314,127,Grievance Procedure Clause
document_314,127,Dues Checkoff Clause
document_314,128,Parties to Agreement and Preamble
document_314,129,Parties to Agreement and Preamble
document_314,130,Parties to Agreement and Preamble
document_314,131,OTHER
document_314,132,Parties to Agreement and Preamble
document_314,133,OTHER
document_314,135,Work Hours Clause
document_314,136,Holidays Clause
document_314,136,Overtime Clause
document_314,136,Work Hours Clause
document_314,137,OTHER
document_314,137,Parties to Agreement and Preamble
document_314,137,Duration Clause
document_314,137,Management Rights Clause
document_314,137,Zipper Clause (Complete Agreement Clause)
document_314,137,State or Local Law Waiver Clause
document_314,137,Reopener Clause
document_314,137,Savings Clause
document_314,137,Force Majeure Clause
document_314,137,Notices Clause
document_314,137,Discipline and Discharge Clause
document_314,137,Grievance Procedure Clause
document_314,137,Arbitration Clause
document_314,137,Probationary Period Clause
document_314,137,Drug Testing Clause
document_314,137,No-Strike Clause
document_314,137,No-Lockout Clause
document_314,137,Non-Discrimination Clause
document_314,137,Bargaining Unit Clause
document_314,137,Recognition Clause
document_314,137,Successors and Assigns Clause
document_314,137,Subcontracting Clause
document_314,137,New Technology or Automation Clause
document_314,137,E-Verify Clause
document_314,137,Dues Checkoff Clause
document_314,137,Holidays Clause
document_314,137,Bereavement Leave Clause
document_314,137,Jury Duty Clause
document_314,137,Vacation Clause
document_314,137,Sick Leave Clause
document_314,137,Union Business Leave Clause
document_314,137,Bulletin Board Clause
document_314,137,Most Favored Nation Clause
document_314,137,Company Benefits and Policies Clause
document_314,137,Wages Clause
document_314,137,Overtime Clause
document_314,137,"Donning, Doffing, and Washing Time Clause"
document_314,137,Wage Differentials Clause
document_314,137,Reporting-Pay Clause
document_314,137,Call-Back Pay Clause
document_314,137,Work Hours Clause
document_314,137,Ratification Bonus Clause
document_314,137,Individual Agreements Clause
document_314,137,Discretionary Bonus Clause
document_314,139,Wages Clause
document_314,140,Company Benefits and Policies Clause
document_314,140,OTHER
document_314,141,OTHER
document_314,142,Parties to Agreement and Preamble
document_314,142,Grievance Procedure Clause
document_314,143,Parties to Agreement and Preamble
document_314,145,OTHER
document_314,146,Parties to Agreement and Preamble
document_314,146,OTHER
document_314,147,OTHER
document_314,148,Wages Clause
document_314,148,Work Hours Clause
document_314,149,Parties to Agreement and Preamble
document_314,150,Parties to Agreement and Preamble
document_314,150,Company Benefits and Policies Clause
document_314,151,Parties to Agreement and Preamble
document_314,151,OTHER
document_314,152,Grievance Procedure Clause
document_314,152,Arbitration Clause
document_314,152,Wages Clause
document_314,153,Parties to Agreement and Preamble
document_314,153,Bargaining Unit Clause
document_314,155,OTHER
document_3417,1,Parties to Agreement and Preamble
document_3417,3,Parties to Agreement and Preamble
document_3417,3,Duration Clause
document_3417,4,Parties to Agreement and Preamble
document_3417,4,Recognition Clause
document_3417,4,Non-Discrimination Clause
document_3417,5,Vacation Clause
document_3417,5,Sick Leave Clause
document_3417,5,Jury Duty Clause
document_3417,5,Bereavement Leave Clause
document_3417,6,Reopener Clause
document_3417,7,Parties to Agreement and Preamble
document_3417,7,Bargaining Unit Clause
document_3417,7,Recognition Clause
document_3417,8,Parties to Agreement and Preamble
document_3417,8,Non-Discrimination Clause
document_3417,8,Bargaining Unit Clause
document_3417,8,Recognition Clause
document_3417,8,Dues Checkoff Clause
document_3417,9,Probationary Period Clause
document_3417,10,Work Hours Clause
document_3417,11,Work Hours Clause
document_3417,11,Overtime Clause
document_3417,12,Probationary Period Clause
document_3417,12,Wages Clause
document_3417,12,Work Hours Clause
document_3417,13,Probationary Period Clause
document_3417,13,OTHER
document_3417,13,Notices Clause
document_3417,13,Discipline and Discharge Clause
document_3417,13,Grievance Procedure Clause
document_3417,13,Arbitration Clause
document_3417,13,Dues Checkoff Clause
document_3417,13,Holidays Clause
document_3417,13,Vacation Clause
document_3417,13,Sick Leave Clause
document_3417,13,Union Business Leave Clause
document_3417,13,Bulletin Board Clause
document_3417,13,Wages Clause
document_3417,13,Overtime Clause
document_3417,13,Work Hours Clause
document_3417,13,"Donning, Doffing, and Washing Time Clause"
document_3417,13,Wage Differentials Clause
document_3417,13,Reporting-Pay Clause
document_3417,13,Call-Back Pay Clause
document_3417,13,New Technology or Automation Clause
document_3417,13,E-Verify Clause
document_3417,13,Non-Discrimination Clause
document_3417,13,Management Rights Clause
document_3417,13,Zipper Clause (Complete Agreement Clause)
document_3417,13,Parties to Agreement and Preamble
document_3417,13,Subcontracting Clause
document_3417,13,Recognition Clause
document_3417,13,Successors and Assigns Clause
document_3417,13,Bargaining Unit Clause
document_3417,14,Overtime Clause
document_3417,15,Overtime Clause
document_3417,15,Work Hours Clause
document_3417,16,Overtime Clause
document_3417,16,Wages Clause
document_3417,17,Overtime Clause
document_3417,18,Overtime Clause
document_3417,19,OTHER
document_3417,20,Bargaining Unit Clause
document_3417,20,Probationary Period Clause
document_3417,21,Probationary Period Clause
document_3417,22,OTHER
document_3417,23,Probationary Period Clause
document_3417,24,Sick Leave Clause
document_3417,24,Bereavement Leave Clause
document_3417,25,Sick Leave Clause
document_3417,25,Vacation Clause
document_3417,26,Wages Clause
document_3417,26,Sick Leave Clause
document_3417,28,Wages Clause
document_3417,31,Jury Duty Clause
document_3417,31,Sick Leave Clause
document_3417,32,Bereavement Leave Clause
document_3417,32,Vacation Clause
document_3417,33,Vacation Clause
document_3417,34,Vacation Clause
document_3417,34,Sick Leave Clause
document_3417,34,Holidays Clause
document_3417,35,Grievance Procedure Clause
document_3417,36,Discipline and Discharge Clause
document_3417,36,Grievance Procedure Clause
document_3417,36,Arbitration Clause
document_3417,37,Discipline and Discharge Clause
document_3417,37,Grievance Procedure Clause
document_3417,37,Arbitration Clause
document_3417,37,Notices Clause
document_3417,38,Arbitration Clause
document_3417,38,Discipline and Discharge Clause
document_3417,39,Company Benefits and Policies Clause
document_3417,40,Company Benefits and Policies Clause
document_3417,41,Holidays Clause
document_3417,42,Holidays Clause
document_3417,42,Union Business Leave Clause
document_3417,43,OTHER
document_3417,44,Company Benefits and Policies Clause
document_3417,45,Vacation Clause
document_3417,45,Sick Leave Clause
document_3417,45,Non-Discrimination Clause
document_3417,45,Wages Clause
document_3417,45,Overtime Clause
document_3417,45,Work Hours Clause
document_3417,45,Discipline and Discharge Clause
document_3417,45,Arbitration Clause
document_3417,45,Probationary Period Clause
document_3417,45,Drug Testing Clause
document_3417,45,No-Strike Clause
document_3417,45,No-Lockout Clause
document_3417,45,Bargaining Unit Clause
document_3417,45,Recognition Clause
document_3417,45,Successors and Assigns Clause
document_3417,45,Subcontracting Clause
document_3417,45,New Technology or Automation Clause
document_3417,45,E-Verify Clause
document_3417,45,Dues Checkoff Clause
document_3417,45,Holidays Clause
document_3417,45,Bereavement Leave Clause
document_3417,45,Jury Duty Clause
document_3417,45,Union Business Leave Clause
document_3417,45,Bulletin Board Clause
document_3417,45,Most Favored Nation Clause
document_3417,45,Company Benefits and Policies Clause
document_3417,45,"Donning, Doffing, and Washing Time Clause"
document_3417,45,Wage Differentials Clause
document_3417,45,Reporting-Pay Clause
document_3417,45,Call-Back Pay Clause
document_3417,45,Ratification Bonus Clause
document_3417,45,Individual Agreements Clause
document_3417,45,Discretionary Bonus Clause
document_3417,45,OTHER
document_3417,46,Non-Discrimination Clause
document_3417,46,Bargaining Unit Clause
document_3417,46,Recognition Clause
document_3417,46,Successors and Assigns Clause
document_3417,46,Subcontracting Clause
document_3417,46,New Technology or Automation Clause
document_3417,46,E-Verify Clause
document_3417,46,Dues Checkoff Clause
document_3417,46,Holidays Clause
document_3417,46,Bereavement Leave Clause
document_3417,46,Jury Duty Clause
document_3417,46,Vacation Clause
document_3417,46,Sick Leave Clause
document_3417,46,Union Business Leave Clause
document_3417,46,Bulletin Board Clause
document_3417,46,Most Favored Nation Clause
document_3417,46,Company Benefits and Policies Clause
document_3417,46,Wages Clause
document_3417,46,Overtime Clause
document_3417,46,"Donning, Doffing, and Washing Time Clause"
document_3417,46,Wage Differentials Clause
document_3417,46,Reporting-Pay Clause
document_3417,46,Call-Back Pay Clause
document_3417,46,Work Hours Clause
document_3417,46,Ratification Bonus Clause
document_3417,46,Individual Agreements Clause
document_3417,46,Discretionary Bonus Clause
document_3417,46,OTHER
document_3417,47,Discipline and Discharge Clause
document_3417,47,Grievance Procedure Clause
document_3417,47,Arbitration Clause
document_3417,48,Parties to Agreement and Preamble
document_3417,48,Duration Clause
document_3417,48,Wages Clause
document_3417,49,Reopener Clause
document_3417,50,Parties to Agreement and Preamble
document_3417,51,Wages Clause
document_3417,51,OTHER
document_3417,53,Wages Clause
document_3417,54,Wages Clause
document_3417,55,Wages Clause
document_3417,56,Wages Clause
document_3417,57,Wages Clause
document_3417,58,Wages Clause
document_3417,59,Wages Clause
document_3417,60,Wages Clause
document_3417,61,Wages Clause
document_3417,62,Wages Clause
document_3417,64,Parties to Agreement and Preamble
document_3417,65,Parties to Agreement and Preamble
document_3670,1,Parties to Agreement and Preamble
document_3670,2,Parties to Agreement and Preamble
document_3670,2,Recognition Clause
document_3670,2,Bargaining Unit Clause
document_3670,2,Grievance Procedure Clause
document_3670,2,Discipline and Discharge Clause
document_3670,2,Union Business Leave Clause
document_3670,3,Parties to Agreement and Preamble
document_3670,3,Recognition Clause
document_3670,3,Bargaining Unit Clause
document_3670,4,Recognition Clause
document_3670,4,Dues Checkoff Clause
document_3670,5,Grievance Procedure Clause
document_3670,6,Grievance Procedure Clause
document_3670,6,Arbitration Clause
document_3670,7,Grievance Procedure Clause
document_3670,7,Discipline and Discharge Clause
document_3670,7,No-Lockout Clause
document_3670,7,Management Rights Clause
document_3670,8,Parties to Agreement and Preamble
document_3670,8,Bulletin Board Clause
document_3670,8,Union Business Leave Clause
document_3670,9,Bargaining Unit Clause
document_3670,10,Probationary Period Clause
document_3670,10,Company Benefits and Policies Clause
document_3670,11,Holidays Clause
document_3670,11,Vacation Clause
document_3670,11,Sick Leave Clause
document_3670,12,Holidays Clause
document_3670,12,Vacation Clause
document_3670,12,Work Hours Clause
document_3670,13,Overtime Clause
document_3670,13,Work Hours Clause
document_3670,14,Overtime Clause
document_3670,14,Call-Back Pay Clause
document_3670,14,Most Favored Nation Clause
document_3670,14,Company Benefits and Policies Clause
document_3670,14,Successors and Assigns Clause
document_3670,14,Bargaining Unit Clause
document_3670,14,Recognition Clause
document_3670,14,Wages Clause
document_3670,14,Non-Discrimination Clause
document_3670,15,Holidays Clause
document_3670,15,Overtime Clause
document_3670,15,Work Hours Clause
document_3670,16,Wages Clause
document_3670,16,Overtime Clause
document_3670,18,Holidays Clause
document_3670,18,Work Hours Clause
document_3670,18,Wages Clause
document_3670,19,Holidays Clause
document_3670,20,Wages Clause
document_3670,20,Overtime Clause
document_3670,21,Non-Discrimination Clause
document_3670,21,Discipline and Discharge Clause
document_3670,22,Discipline and Discharge Clause
document_3670,22,Grievance Procedure Clause
document_3670,22,Savings Clause
document_3670,22,Wages Clause
document_3670,23,Wages Clause
document_3670,24,Subcontracting Clause
document_3670,24,Duration Clause
document_3670,25,Reopener Clause
document_3670,26,Parties to Agreement and Preamble
document_3670,27,Wages Clause
document_3670,28,Overtime Clause
document_3670,28,Wages Clause
document_3670,28,Work Hours Clause
document_3670,29,Wages Clause
document_3670,30,Wages Clause
document_3670,30,Dues Checkoff Clause
document_3670,30,Overtime Clause
document_3670,30,"Donning, Doffing, and Washing Time Clause"
document_3670,30,Wage Differentials Clause
document_3670,30,Reporting-Pay Clause
document_3670,30,Call-Back Pay Clause
document_3670,30,Work Hours Clause
document_3670,30,Ratification Bonus Clause
document_3670,30,Individual Agreements Clause
document_3670,30,Discretionary Bonus Clause
document_3670,30,OTHER
document_3670,31,Wages Clause
document_3670,32,Dues Checkoff Clause
document_3670,33,Company Benefits and Policies Clause
document_3670,34,Company Benefits and Policies Clause
document_3670,35,Vacation Clause
document_3670,36,Sick Leave Clause
document_3670,37,Sick Leave Clause
document_3670,38,Holidays Clause
document_3670,38,Sick Leave Clause
document_3670,39,Holidays Clause
document_3670,40,Company Benefits and Policies Clause
document_3670,41,OTHER
document_3670,42,Parties to Agreement and Preamble
document_3670,43,Parties to Agreement and Preamble
document_3670,44,Parties to Agreement and Preamble
document_3670,44,Notices Clause
document_3670,45,Wages Clause
document_3670,45,Work Hours Clause
document_3670,46,Wages Clause
document_3670,47,Parties to Agreement and Preamble
document_3670,48,Parties to Agreement and Preamble
document_3670,48,Bargaining Unit Clause
document_3670,48,Recognition Clause
document_3670,49,Parties to Agreement and Preamble
document_3670,50,Parties to Agreement and Preamble
document_3670,52,Parties to Agreement and Preamble
document_3670,53,Parties to Agreement and Preamble
document_3670,53,Wages Clause
document_3670,54,Parties to Agreement and Preamble
document_3670,54,Duration Clause
document_3670,55,Parties to Agreement and Preamble
document_3670,55,Wages Clause
document_3670,56,Wages Clause
document_3670,57,Parties to Agreement and Preamble
document_3670,57,Duration Clause
document_4154,1,Parties to Agreement and Preamble
document_4154,1,Duration Clause
document_4154,2,Recognition Clause
document_4154,2,Management Rights Clause
document_4154,2,Non-Discrimination Clause
document_4154,2,Holidays Clause
document_4154,2,Vacation Clause
document_4154,2,Wages Clause
document_4154,2,Overtime Clause
document_4154,2,Work Hours Clause
document_4154,3,Grievance Procedure Clause
document_4154,3,Arbitration Clause
document_4154,3,No-Strike Clause
document_4154,3,No-Lockout Clause
document_4154,3,Union Business Leave Clause
document_4154,3,Dues Checkoff Clause
document_4154,3,Bereavement Leave Clause
document_4154,3,Jury Duty Clause
document_4154,3,Sick Leave Clause
document_4154,3,Discipline and Discharge Clause
document_4154,4,Union Business Leave Clause
document_4154,5,Parties to Agreement and Preamble
document_4154,5,Recognition Clause
document_4154,5,Management Rights Clause
document_4154,6,Parties to Agreement and Preamble
document_4154,6,Non-Discrimination Clause
document_4154,8,Bargaining Unit Clause
document_4154,8,Wages Clause
document_4154,9,Wages Clause
document_4154,9,Reopener Clause
document_4154,9,Duration Clause
document_4154,10,Discretionary Bonus Clause
document_4154,10,OTHER
document_4154,11,OTHER
document_4154,13,Work Hours Clause
document_4154,13,Overtime Clause
document_4154,13,Notices Clause
document_4154,14,Overtime Clause
document_4154,14,Probationary Period Clause
document_4154,15,Overtime Clause
document_4154,15,Holidays Clause
document_4154,16,Vacation Clause
document_4154,17,Notices Clause
document_4154,18,OTHER
document_4154,19,Probationary Period Clause
document_4154,20,Bereavement Leave Clause
document_4154,21,Bereavement Leave Clause
document_4154,21,Jury Duty Clause
document_4154,21,Sick Leave Clause
document_4154,22,Parties to Agreement and Preamble
document_4154,22,Duration Clause
document_4154,22,Management Rights Clause
document_4154,22,Zipper Clause (Complete Agreement Clause)
document_4154,22,State or Local Law Waiver Clause
document_4154,22,Reopener Clause
document_4154,22,Savings Clause
document_4154,22,Force Majeure Clause
document_4154,22,Notices Clause
document_4154,22,Discipline and Discharge Clause
document_4154,22,Grievance Procedure Clause
document_4154,22,Arbitration Clause
document_4154,22,Probationary Period Clause
document_4154,22,Drug Testing Clause
document_4154,22,No-Strike Clause
document_4154,22,No-Lockout Clause
document_4154,22,Non-Discrimination Clause
document_4154,22,Bargaining Unit Clause
document_4154,22,Recognition Clause
document_4154,22,Successors and Assigns Clause
document_4154,22,Subcontracting Clause
document_4154,22,New Technology or Automation Clause
document_4154,22,E-Verify Clause
document_4154,22,Dues Checkoff Clause
document_4154,22,Holidays Clause
document_4154,22,Bereavement Leave Clause
document_4154,22,Jury Duty Clause
document_4154,22,Vacation Clause
document_4154,22,Sick Leave Clause
document_4154,22,Union Business Leave Clause
document_4154,22,Bulletin Board Clause
document_4154,22,Most Favored Nation Clause
document_4154,22,Company Benefits and Policies Clause
document_4154,22,Wages Clause
document_4154,22,Overtime Clause
document_4154,22,"Donning, Doffing, and Washing Time Clause"
document_4154,22,Wage Differentials Clause
document_4154,22,Reporting-Pay Clause
document_4154,22,Call-Back Pay Clause
document_4154,22,Work Hours Clause
document_4154,22,Ratification Bonus Clause
document_4154,22,Individual Agreements Clause
document_4154,22,Discretionary Bonus Clause
document_4154,22,OTHER
document_4154,23,Grievance Procedure Clause
document_4154,24,Grievance Procedure Clause
document_4154,25,Arbitration Clause
document_4154,25,Grievance Procedure Clause
document_4154,26,No-Strike Clause
document_4154,26,No-Lockout Clause
document_4154,26,Discipline and Discharge Clause
document_4154,26,Union Business Leave Clause
document_4154,27,Dues Checkoff Clause
document_4154,28,Bulletin Board Clause
document_4154,29,Discipline and Discharge Clause
document_4154,30,Subcontracting Clause
document_4154,30,Discipline and Discharge Clause
document_4154,30,Grievance Procedure Clause
document_4154,30,Arbitration Clause
document_4154,30,Probationary Period Clause
document_4154,30,Drug Testing Clause
document_4154,30,No-Strike Clause
document_4154,30,No-Lockout Clause
document_4154,30,Non-Discrimination Clause
document_4154,30,Bargaining Unit Clause
document_4154,30,Recognition Clause
document_4154,30,Successors and Assigns Clause
document_4154,30,New Technology or Automation Clause
document_4154,30,E-Verify Clause
document_4154,30,Dues Checkoff Clause
document_4154,30,Holidays Clause
document_4154,30,Bereavement Leave Clause
document_4154,30,Jury Duty Clause
document_4154,30,Vacation Clause
document_4154,30,Sick Leave Clause
document_4154,30,Union Business Leave Clause
document_4154,30,Bulletin Board Clause
document_4154,30,Most Favored Nation Clause
document_4154,30,Company Benefits and Policies Clause
document_4154,30,Wages Clause
document_4154,30,Overtime Clause
document_4154,30,"Donning, Doffing, and Washing Time Clause"
document_4154,30,Wage Differentials Clause
document_4154,30,Reporting-Pay Clause
document_4154,30,Call-Back Pay Clause
document_4154,30,Work Hours Clause
document_4154,30,Ratification Bonus Clause
document_4154,30,Individual Agreements Clause
document_4154,30,Discretionary Bonus Clause
document_4154,30,OTHER
document_4154,31,Company Benefits and Policies Clause
document_4154,31,Force Majeure Clause
document_4154,33,OTHER
document_4154,34,Notices Clause
document_4154,34,OTHER
document_4154,34,Discipline and Discharge Clause
document_4154,34,Grievance Procedure Clause
document_4154,34,Arbitration Clause
document_4154,34,Probationary Period Clause
document_4154,34,Drug Testing Clause
document_4154,34,No-Strike Clause
document_4154,34,No-Lockout Clause
document_4154,34,Non-Discrimination Clause
document_4154,34,Bargaining Unit Clause
document_4154,34,Recognition Clause
document_4154,34,Successors and Assigns Clause
document_4154,34,Subcontracting Clause
document_4154,34,New Technology or Automation Clause
document_4154,34,E-Verify Clause
document_4154,34,Dues Checkoff Clause
document_4154,34,Holidays Clause
document_4154,34,Bereavement Leave Clause
document_4154,34,Jury Duty Clause
document_4154,34,Vacation Clause
document_4154,34,Sick Leave Clause
document_4154,34,Union Business Leave Clause
document_4154,34,Bulletin Board Clause
document_4154,34,Most Favored Nation Clause
document_4154,34,Company Benefits and Policies Clause
document_4154,34,Wages Clause
document_4154,34,Overtime Clause
document_4154,34,"Donning, Doffing, and Washing Time Clause"
document_4154,34,Wage Differentials Clause
document_4154,34,Reporting-Pay Clause
document_4154,34,Call-Back Pay Clause
document_4154,34,Work Hours Clause
document_4154,34,Ratification Bonus Clause
document_4154,34,Individual Agreements Clause
document_4154,34,Discretionary Bonus Clause
document_4154,35,Grievance Procedure Clause
document_4154,35,Discipline and Discharge Clause
document_4154,35,Notices Clause
document_4154,35,Successors and Assigns Clause
document_4154,35,Management Rights Clause
document_4154,35,Parties to Agreement and Preamble
document_4154,36,Parties to Agreement and Preamble
document_4154,36,Duration Clause
document_4154,36,Reopener Clause
document_4154,37,Parties to Agreement and Preamble
document_4154,38,OTHER
document_4154,40,OTHER
document_4154,42,Discipline and Discharge Clause
document_4154,42,Grievance Procedure Clause
document_4154,42,Arbitration Clause
document_4154,42,Probationary Period Clause
document_4154,42,Drug Testing Clause
document_4154,42,No-Strike Clause
document_4154,42,No-Lockout Clause
document_4154,42,Non-Discrimination Clause
document_4154,42,Bargaining Unit Clause
document_4154,42,Recognition Clause
document_4154,42,Successors and Assigns Clause
document_4154,42,Subcontracting Clause
document_4154,42,New Technology or Automation Clause
document_4154,42,E-Verify Clause
document_4154,42,Dues Checkoff Clause
document_4154,42,Holidays Clause
document_4154,42,Bereavement Leave Clause
document_4154,42,Jury Duty Clause
document_4154,42,Vacation Clause
document_4154,42,Sick Leave Clause
document_4154,42,Union Business Leave Clause
document_4154,42,Bulletin Board Clause
document_4154,42,Most Favored Nation Clause
document_4154,42,Company Benefits and Policies Clause
document_4154,42,Wages Clause
document_4154,42,Overtime Clause
document_4154,42,"Donning, Doffing, and Washing Time Clause"
document_4154,42,Wage Differentials Clause
document_4154,42,Reporting-Pay Clause
document_4154,42,Call-Back Pay Clause
document_4154,42,Work Hours Clause
document_4154,42,Ratification Bonus Clause
document_4154,42,Individual Agreements Clause
document_4154,42,Discretionary Bonus Clause
document_4154,42,OTHER
document_4154,43,OTHER
document_4154,44,Probationary Period Clause
document_4154,44,Bargaining Unit Clause
document_4154,46,OTHER
document_4154,47,OTHER
document_4154,51,Duration Clause
document_4154,52,Probationary Period Clause
document_1408,1,Parties to Agreement and Preamble
document_1408,2,Parties to Agreement and Preamble
document_1408,3,Drug Testing Clause
document_1408,3,Grievance Procedure Clause
document_1408,3,Work Hours Clause
document_1408,4,Grievance Procedure Clause
document_1408,4,Arbitration Clause
document_1408,4,No-Strike Clause
document_1408,4,No-Lockout Clause
document_1408,4,Wages Clause
document_1408,4,Overtime Clause
document_1408,4,Holidays Clause
document_1408,4,Jury Duty Clause
document_1408,5,Dues Checkoff Clause
document_1408,5,Union Business Leave Clause
document_1408,7,Notices Clause
document_1408,9,Parties to Agreement and Preamble
document_1408,9,Bargaining Unit Clause
document_1408,9,Recognition Clause
document_1408,10,Parties to Agreement and Preamble
document_1408,10,Recognition Clause
document_1408,13,Parties to Agreement and Preamble
document_1408,14,Bargaining Unit Clause
document_1408,14,Recognition Clause
document_1408,14,Subcontracting Clause
document_1408,14,Work Hours Clause
document_1408,15,Bargaining Unit Clause
document_1408,15,Recognition Clause
document_1408,16,Wages Clause
document_1408,16,Work Hours Clause
document_1408,16,Grievance Procedure Clause
document_1408,16,Union Business Leave Clause
document_1408,17,Grievance Procedure Clause
document_1408,17,No-Strike Clause
document_1408,17,Wages Clause
document_1408,17,Union Business Leave Clause
document_1408,18,Drug Testing Clause
document_1408,18,Discipline and Discharge Clause
document_1408,19,Drug Testing Clause
document_1408,19,Discipline and Discharge Clause
document_1408,20,Parties to Agreement and Preamble
document_1408,23,Arbitration Clause
document_1408,24,Notices Clause
document_1408,24,Discipline and Discharge Clause
document_1408,24,OTHER
document_1408,26,Notices Clause
document_1408,27,Non-Discrimination Clause
document_1408,28,OTHER
document_1408,29,Wages Clause
document_1408,29,Arbitration Clause
document_1408,30,Parties to Agreement and Preamble
document_1408,30,Wages Clause
document_1408,30,Grievance Procedure Clause
document_1408,30,Bargaining Unit Clause
document_1408,31,Company Benefits and Policies Clause
document_1408,32,Dues Checkoff Clause
document_1408,32,Company Benefits and Policies Clause
document_1408,33,Grievance Procedure Clause
document_1408,33,Arbitration Clause
document_1408,34,Company Benefits and Policies Clause
document_1408,35,Wages Clause
document_1408,36,Wages Clause
document_1408,36,Work Hours Clause
document_1408,36,Reporting-Pay Clause
document_1408,37,Wages Clause
document_1408,37,Reporting-Pay Clause
document_1408,37,Work Hours Clause
document_1408,38,Wages Clause
document_1408,38,Overtime Clause
document_1408,38,Reporting-Pay Clause
document_1408,38,Work Hours Clause
document_1408,39,Work Hours Clause
document_1408,39,Overtime Clause
document_1408,39,Holidays Clause
document_1408,40,Holidays Clause
document_1408,40,Overtime Clause
document_1408,40,Work Hours Clause
document_1408,40,Wages Clause
document_1408,41,Wages Clause
document_1408,41,Overtime Clause
document_1408,41,Work Hours Clause
document_1408,43,Wages Clause
document_1408,43,Overtime Clause
document_1408,43,Work Hours Clause
document_1408,44,Dues Checkoff Clause
document_1408,45,Wages Clause
document_1408,45,Dues Checkoff Clause
document_1408,46,Duration Clause
document_1408,46,Notices Clause
document_1408,46,Overtime Clause
document_1408,46,Work Hours Clause
document_1408,47,Wages Clause
document_1408,48,Subcontracting Clause
document_1408,48,No-Strike Clause
document_1408,48,Most Favored Nation Clause
document_1408,48,Wages Clause
document_1408,49,No-Strike Clause
document_1408,49,No-Lockout Clause
document_1408,49,Grievance Procedure Clause
document_1408,49,Arbitration Clause
document_1408,50,Grievance Procedure Clause
document_1408,50,Arbitration Clause
document_1408,51,Parties to Agreement and Preamble
document_1408,51,Reopener Clause
document_1408,51,Savings Clause
document_1408,51,No-Strike Clause
document_1408,51,No-Lockout Clause
document_1408,52,Parties to Agreement and Preamble
document_1408,52,Duration Clause
document_1408,53,Wages Clause
document_1408,57,Bargaining Unit Clause
document_1408,58,Wages Clause
document_1408,60,Bargaining Unit Clause
document_1408,61,Wages Clause
document_1408,62,Wages Clause
document_1408,63,Wages Clause
document_1408,65,Wages Clause
document_1408,66,Wages Clause
document_1408,67,Wages Clause
document_1408,68,Bargaining Unit Clause
document_1408,69,Wages Clause
document_1408,70,Wages Clause
document_1408,71,Non-Discrimination Clause
document_1408,72,Parties to Agreement and Preamble
document_1408,73,Non-Discrimination Clause
document_1408,74,Parties to Agreement and Preamble
document_1408,74,Union Business Leave Clause
document_1408,75,Wages Clause
document_1408,77,Union Business Leave Clause
document_1408,77,Vacation Clause
document_1408,77,Discipline and Discharge Clause
document_1408,77,OTHER
document_1408,78,Notices Clause
document_1408,78,Overtime Clause
document_1408,78,Wages Clause
document_1408,79,Wages Clause
document_1408,79,Overtime Clause
document_1408,79,Holidays Clause
document_1408,79,Company Benefits and Policies Clause
document_1408,79,Probationary Period Clause
document_1408,80,Holidays Clause
document_1408,80,Vacation Clause
document_1408,81,Vacation Clause
document_1408,82,Wages Clause
document_1408,83,Wages Clause
document_1408,84,Wages Clause
document_1408,85,Parties to Agreement and Preamble
document_1408,86,Parties to Agreement and Preamble
document_1408,87,Parties to Agreement and Preamble
document_1408,88,Parties to Agreement and Preamble
document_2785,1,Duration Clause
document_2785,2,Parties to Agreement and Preamble
document_2785,4,Parties to Agreement and Preamble
document_2785,4,Recognition Clause
document_2785,5,Bargaining Unit Clause
document_2785,5,Recognition Clause
document_2785,6,Bulletin Board Clause
document_2785,7,Union Business Leave Clause
document_2785,8,Union Business Leave Clause
document_2785,9,Union Business Leave Clause
document_2785,10,Arbitration Clause
document_2785,10,Union Business Leave Clause
document_2785,11,Management Rights Clause
document_2785,11,No-Strike Clause
document_2785,11,Wages Clause
document_2785,12,Probationary Period Clause
document_2785,13,Wages Clause
document_2785,14,Wages Clause
document_2785,15,Wages Clause
document_2785,17,Company Benefits and Policies Clause
document_2785,18,Work Hours Clause
document_2785,19,Discipline and Discharge Clause
document_2785,19,Vacation Clause
document_2785,20,Vacation Clause
document_2785,21,Holidays Clause
document_2785,21,Vacation Clause
document_2785,21,Sick Leave Clause
document_2785,21,Parties to Agreement and Preamble
document_2785,22,Vacation Clause
document_2785,22,Sick Leave Clause
document_2785,23,Sick Leave Clause
document_2785,24,Sick Leave Clause
document_2785,24,Discipline and Discharge Clause
document_2785,25,Sick Leave Clause
document_2785,26,Sick Leave Clause
document_2785,26,Notices Clause
document_2785,27,Vacation Clause
document_2785,27,Sick Leave Clause
document_2785,28,Sick Leave Clause
document_2785,28,Vacation Clause
document_2785,29,Discipline and Discharge Clause
document_2785,29,Grievance Procedure Clause
document_2785,29,Arbitration Clause
document_2785,29,Notices Clause
document_2785,30,Discipline and Discharge Clause
document_2785,30,Grievance Procedure Clause
document_2785,30,Arbitration Clause
document_2785,31,OTHER
document_2785,32,Sick Leave Clause
document_2785,34,Vacation Clause
document_2785,34,Sick Leave Clause
document_2785,35,Sick Leave Clause
document_2785,35,Company Benefits and Policies Clause
document_2785,36,Management Rights Clause
document_2785,36,Sick Leave Clause
document_2785,37,Sick Leave Clause
document_2785,38,Sick Leave Clause
document_2785,41,Jury Duty Clause
document_2785,43,Bereavement Leave Clause
document_2785,44,Sick Leave Clause
document_2785,47,Sick Leave Clause
document_2785,47,Vacation Clause
document_2785,48,Vacation Clause
document_2785,48,Sick Leave Clause
document_2785,49,Holidays Clause
document_2785,50,Holidays Clause
document_2785,50,Work Hours Clause
document_2785,51,Overtime Clause
document_2785,52,Overtime Clause
document_2785,53,Overtime Clause
document_2785,54,Overtime Clause
document_2785,55,Overtime Clause
document_2785,56,Wages Clause
document_2785,56,Overtime Clause
document_2785,56,Work Hours Clause
document_2785,57,Overtime Clause
document_2785,57,OTHER
document_2785,58,Dues Checkoff Clause
document_2785,58,Holidays Clause
document_2785,60,Notices Clause
document_2785,60,Wages Clause
document_2785,61,Discipline and Discharge Clause
document_2785,62,Dues Checkoff Clause
document_2785,63,Wages Clause
document_2785,63,Work Hours Clause
document_2785,63,Vacation Clause
document_2785,63,Sick Leave Clause
document_2785,63,Holidays Clause
document_2785,63,Bereavement Leave Clause
document_2785,63,Jury Duty Clause
document_2785,63,Union Business Leave Clause
document_2785,63,Bulletin Board Clause
document_2785,63,Most Favored Nation Clause
document_2785,63,Company Benefits and Policies Clause
document_2785,63,Overtime Clause
document_2785,63,"Donning, Doffing, and Washing Time Clause"
document_2785,63,Wage Differentials Clause
document_2785,63,Reporting-Pay Clause
document_2785,63,Call-Back Pay Clause
document_2785,63,Ratification Bonus Clause
document_2785,63,Individual Agreements Clause
document_2785,63,Discretionary Bonus Clause
document_2785,63,OTHER
document_2785,64,Grievance Procedure Clause
document_2785,64,Arbitration Clause
document_2785,64,Discipline and Discharge Clause
document_2785,66,OTHER
document_2785,67,Discipline and Discharge Clause
document_2785,67,Grievance Procedure Clause
document_2785,68,Grievance Procedure Clause
document_2785,69,Grievance Procedure Clause
document_2785,70,Grievance Procedure Clause
document_2785,70,Arbitration Clause
document_2785,71,Grievance Procedure Clause
document_2785,71,Arbitration Clause
document_2785,72,Grievance Procedure Clause
document_2785,72,Arbitration Clause
document_2785,73,Wages Clause
document_2785,74,Wages Clause
document_2785,75,Discipline and Discharge Clause
document_2785,76,Company Benefits and Policies Clause
document_2785,78,Notices Clause
document_2785,78,Discipline and Discharge Clause
document_2785,79,Discipline and Discharge Clause
document_2785,79,Notices Clause
document_2785,80,Drug Testing Clause
document_2785,81,Discipline and Discharge Clause
document_2785,81,Drug Testing Clause
document_2785,82,Discipline and Discharge Clause
document_2785,82,Drug Testing Clause
document_2785,83,Parties to Agreement and Preamble
document_2785,83,Discipline and Discharge Clause
document_2785,84,Discipline and Discharge Clause
document_2785,85,Discipline and Discharge Clause
document_2785,86,Discipline and Discharge Clause
document_2785,87,Discipline and Discharge Clause
document_2785,87,Grievance Procedure Clause
document_2785,88,Discipline and Discharge Clause
document_2785,89,Discipline and Discharge Clause
document_2785,90,Discipline and Discharge Clause
document_2785,90,Non-Discrimination Clause
document_2785,90,Duration Clause
document_2785,91,Parties to Agreement and Preamble
document_2785,91,Non-Discrimination Clause
document_2785,92,Company Benefits and Policies Clause
document_2785,93,Grievance Procedure Clause
document_2785,93,Most Favored Nation Clause
document_2785,93,Union Business Leave Clause
document_2785,93,Bulletin Board Clause
document_2785,93,Company Benefits and Policies Clause
document_2785,93,Wages Clause
document_2785,93,Arbitration Clause
document_2785,93,Work Hours Clause
document_2785,93,Ratification Bonus Clause
document_2785,93,Individual Agreements Clause
document_2785,93,Discretionary Bonus Clause
document_2785,93,OTHER
document_2785,94,Zipper Clause (Complete Agreement Clause)
document_2785,95,Duration Clause
document_2785,96,Parties to Agreement and Preamble
document_2785,97,Bargaining Unit Clause
document_4009,1,Parties to Agreement and Preamble
document_4009,1,Duration Clause
document_4009,2,Recognition Clause
document_4009,2,Management Rights Clause
document_4009,2,Union Business Leave Clause
document_4009,3,Discipline and Discharge Clause
document_4009,3,Grievance Procedure Clause
document_4009,3,Arbitration Clause
document_4009,3,Zipper Clause (Complete Agreement Clause)
document_4009,4,Recognition Clause
document_4009,4,Bargaining Unit Clause
document_4009,4,Management Rights Clause
document_4009,5,Management Rights Clause
document_4009,5,Subcontracting Clause
document_4009,6,Dues Checkoff Clause
document_4009,7,No-Strike Clause
document_4009,7,Savings Clause
document_4009,8,Grievance Procedure Clause
document_4009,8,No-Lockout Clause
document_4009,8,No-Strike Clause
document_4009,9,Probationary Period Clause
document_4009,12,Probationary Period Clause
document_4009,12,Wages Clause
document_4009,12,Work Hours Clause
document_4009,13,Overtime Clause
document_4009,13,Reporting-Pay Clause
document_4009,14,Sick Leave Clause
document_4009,14,Union Business Leave Clause
document_4009,15,Sick Leave Clause
document_4009,15,Holidays Clause
document_4009,16,Holidays Clause
document_4009,16,Vacation Clause
document_4009,17,Vacation Clause
document_4009,17,Bereavement Leave Clause
document_4009,18,Bereavement Leave Clause
document_4009,18,Jury Duty Clause
document_4009,18,Holidays Clause
document_4009,18,Sick Leave Clause
document_4009,18,Vacation Clause
document_4009,18,Wages Clause
document_4009,18,Overtime Clause
document_4009,18,Company Benefits and Policies Clause
document_4009,18,Arbitration Clause
document_4009,18,Probationary Period Clause
document_4009,18,Drug Testing Clause
document_4009,18,No-Strike Clause
document_4009,18,Non-Discrimination Clause
document_4009,18,Recognition Clause
document_4009,18,Union Business Leave Clause
document_4009,18,Bulletin Board Clause
document_4009,18,Most Favored Nation Clause
document_4009,18,Dues Checkoff Clause
document_4009,18,"Donning, Doffing, and Washing Time Clause"
document_4009,18,Work Hours Clause
document_4009,18,Reporting-Pay Clause
document_4009,18,Call-Back Pay Clause
document_4009,18,New Technology or Automation Clause
document_4009,18,E-Verify Clause
document_4009,18,Savings Clause
document_4009,18,Force Majeure Clause
document_4009,18,State or Local Law Waiver Clause
document_4009,18,Parties to Agreement and Preamble
document_4009,18,Discipline and Discharge Clause
document_4009,18,Grievance Procedure Clause
document_4009,18,Discretionary Bonus Clause
document_4009,18,Ratification Bonus Clause
document_4009,18,Individual Agreements Clause
document_4009,18,Subcontracting Clause
document_4009,18,Successors and Assigns Clause
document_4009,18,Bargaining Unit Clause
document_4009,18,OTHER
document_4009,19,Company Benefits and Policies Clause
document_4009,20,Company Benefits and Policies Clause
document_4009,21,Grievance Procedure Clause
document_4009,21,Discipline and Discharge Clause
document_4009,22,Discipline and Discharge Clause
document_4009,22,Grievance Procedure Clause
document_4009,22,Arbitration Clause
document_4009,23,Grievance Procedure Clause
document_4009,23,Arbitration Clause
document_4009,24,Drug Testing Clause
document_4009,24,Grievance Procedure Clause
document_4009,25,Company Benefits and Policies Clause
document_4009,25,OTHER
document_4009,26,Zipper Clause (Complete Agreement Clause)
document_4009,26,Duration Clause
document_4009,27,Parties to Agreement and Preamble
document_4009,28,Parties to Agreement and Preamble
document_4009,28,Wages Clause
document_4009,29,Parties to Agreement and Preamble
document_4009,29,Company Benefits and Policies Clause
document_4009,30,Work Hours Clause
